pmid	year	journal	title
28025995	2016	Int. J. Mol. Med.	Prediction of key genes and miRNAs responsible for loss of muscle force in patients during an acute exacerbation of chronic obstructive pulmonary disease.
28003598	2016	Jpn. J. Infect. Dis.	An iTRAQ-based quantitative proteomics study of refractory mycoplasma pneumoniae pneumonia patients.
28000890	2016	Oncol. Rep.	Combined analysis of gene expression, miRNA expression and DNA methylation profiles of osteosarcoma.
28000864	2016	Mol Med Rep	Identification of therapeutic targets for Parkinson's disease via bioinformatics analysis.
28000438	2016	Mol Inform	Gogadget: an R Package for Interpretation and Visualization of GO Enrichment Results.
27987172	2016	Methods Mol. Biol.	Exploring Plant Co-Expression and Gene-Gene Interactions with CORNET 3.0.
27964719	2016	BMC Bioinformatics	Pathway collages: personalized multi-pathway diagrams.
27959423	2016	Mol Med Rep	Comparative analysis of hepatocellular carcinoma and cirrhosis gene expression profiles.
27956081	2016	Acta Orthop Traumatol Turc	Gene markers of fracture healing in early stage and the regulatory mechanism during the process using microarray analysis.
27942860	2016	J. Cancer Res. Clin. Oncol.	Comprehensive gene and microRNA expression profiling reveals a role for miRNAs in the oncogenic roles of SphK1 in papillary thyroid cancer.
27924018	2016	Nucleic Acids Res.	DisGeNET: a comprehensive platform integrating information on human disease-associated genes and variants.
27924014	2016	Nucleic Acids Res.	The STRING database in 2017: quality-controlled protein-protein association networks, made broadly accessible.
27922680	2016	Mol Med Rep	Identification of key genes induced by platelet-rich plasma in human dermal papilla cells using bioinformatics methods.
27907142	2016	PLoS ONE	IBiSA_Tools: A Computational Toolkit for Ion-Binding State Analysis in Molecular Dynamics Trajectories of Ion Channels.
27900679	2016	Mol. Neurobiol.	Bioinformatic Profiling Identifies a Glucose-Related Risk Signature for the Malignancy of Glioma and the Survival of Patients.
27899966	2016	Oncol Lett	Analysis of the molecular mechanism of osteosarcoma using a bioinformatics approach.
27896985	2016	Pac Symp Biocomput	A NEW RELEVANCE ESTIMATOR FOR THE COMPILATION AND VISUALIZATION OF DISEASE PATTERNS AND POTENTIAL DRUG TARGETS.
27895852	2016	Gastroenterol Hepatol Bed Bench	Protein-protein interaction network of celiac disease.
27895744	2016	Oncol Lett	Identification of targets of miRNA-221 and miRNA-222 in fulvestrant-resistant breast cancer.
27895742	2016	Oncol Lett	Comparative analysis of gene expression profiles of gastric cardia adenocarcinoma and gastric non-cardia adenocarcinoma.
27853512	2016	F1000Res	Contextual Hub Analysis Tool (CHAT): A Cytoscape app for identifying contextually relevant hubs in biological networks.
27853510	2016	F1000Res	CoNet app: inference of biological association networks using Cytoscape.
27855613	2016	Recent Pat Anticancer Drug Discov	HOXB7 and Hsa-miR-222 as the Potential Therapeutic Candidates for Metastatic Colorectal Cancer.
27853520	2016	F1000Res	dot-app: a Graphviz-Cytoscape conversion plug-in.
27846294	2016	PLoS ONE	Identification and Verification of Potential Therapeutic Target Genes in Berberine-Treated Zucker Diabetic Fatty Rats through Bioinformatics Analysis.
27840954	2016	Mol Med Rep	Identfication of key miRNAs in pancreatitis using bioinformatics analysis of microarray data.
27840927	2016	Mol Med Rep	Systematic analysis of mRNA expression profiles in NSCLC cell lines to screen metastasis-related genes.
27835046	2016	Hypertens Pregnancy	Identifying miRNA regulatory mechanisms in preeclampsia by systems biology approaches.
27834916	2016	Int J Mol Sci	Systematic Analysis of Protein Interaction Network Associated with Azoospermia.
27831650	2016	Eur Rev Med Pharmacol Sci	Critical genes of hepatocellular carcinoma revealed by network and module analysis of RNA-seq data.
27830058	2016	F1000Res	AutoAnnotate: A Cytoscape app for summarizing networks with semantic annotations.
27829444	2016	Diagn Pathol	Potential molecular characteristics in situ in response to repetitive UVB irradiation.
27826930	2016	Methods Mol. Biol.	Visualization and Analysis of MiRNA-Targets Interactions Networks.
27814735	2016	Orphanet J Rare Dis	Gene expression profiles and protein-protein interaction networks in amyotrophic lateral sclerosis patients with C9orf72 mutation.
27802793	2016	Ren Fail	Identification of crucial miRNAs and the targets in renal cortex of hypertensive patients by expression profiles.
27797457	2016	Chem Biol Drug Des	Graph theoretical analysis, insilico modeling, design, and synthesis of compounds containing benzimidazole skeleton as antidepressant agents.
27794559	2016	Bioinformatics	A Cytoscape app for motif enumeration with ISMAGS.
26510741	2016	Mol. Neurobiol.	Altered Blood Gene Expression of Tumor-Related Genes (PRKCB, BECN1, and CDKN2A) in Alzheimer's Disease.
27667480	2016	Mol Med Rep	Integrated analysis of DNA methylation and RNA‑sequencing data in Down syndrome.
27666388	2016	Mol Med Rep	Transcriptional profile of SH-SY5Y human neuroblastoma cells transfected by Toxoplasma rhoptry protein 16.
27765602	2016	Cytotherapy	Spatial and temporal structure of the clinical research based on mesenchymal stromal cells: A network analysis.
27765529	2016	Braz J Otorhinolaryngol	Identification of key genes involved in nasopharyngeal carcinoma.
27757782	2016	Med. Oncol.	Identification of candidate biomarkers and analysis of prognostic values in ovarian cancer by integrated bioinformatics analysis.
27208688	2016	BJU Int.	Analysis of the functional aspects and seminal plasma proteomic profile of sperm from smokers.
27738870	2016	Mol. Neurobiol.	Differentially Expressed Long Non-Coding RNAs Were Predicted to Be Involved in the Control of Signaling Pathways in Pediatric Astrocytoma.
27716259	2016	World J Surg Oncol	Microarray data analysis to identify crucial genes regulated by CEBPB in human SNB19 glioma cells.
27711182	2016	PLoS ONE	Genome-Wide Identification and Characterization of MicroRNAs and Target Genes in Lonicera japonica.
27708692	2016	Chin Med	In silico profiling for secondary metabolites from Lepidium meyenii (maca) by the pharmacophore and ligand-shape-based joint approach.
27698802	2016	Oncol Lett	Identification of genes involved in Epstein-Barr virus-associated nasopharyngeal carcinoma.
27698798	2016	Oncol Lett	Celecoxib exhibits an anti-gastric cancer effect by targeting focal adhesion and leukocyte transendothelial migration-associated genes.
27698747	2016	Exp Ther Med	Co-expressed differentially expressed genes and long non-coding RNAs involved in the celecoxib treatment of gastric cancer: An RNA sequencing analysis.
27682024	2016	Gene	Bioinformatics analysis of gene expression profile data to screen key genes involved in pulmonary sarcoidosis.
27667790	2016	Bioinformatics	cMapper: gene-centric connectivity mapper for EBI-RDF platform.
27655333	2016	BMC Infect. Dis.	Identification potential biomarkers in pulmonary tuberculosis and latent infection based on bioinformatics analysis.
27634459	2016	Toxicol. Appl. Pharmacol.	Systematic network assessment of the carcinogenic activities of cadmium.
27621916	2016	Iran Red Crescent Med J	Two-Way Gene Interaction From Microarray Data Based on Correlation Methods.
27613243	2016	BMC Nephrol	Crucial genes associated with diabetic nephropathy explored by microarray analysis.
27610375	2016	Biomed Res Int	Integrated Analysis of DNA Methylation and mRNA Expression Profiles Data to Identify Key Genes in Lung Adenocarcinoma.
27602130	2016	Oncol Lett	Hsa-miR-137, hsa-miR-520e and hsa-miR-590-3p perform crucial roles in Lynch syndrome.
27599581	2016	Mol Med Rep	Bioinformatics analysis of gene expression profiles of dermatomyositis.
27599550	2016	BMC Syst Biol	Identification of key player genes in gene regulatory networks.
27595129	2016	Data Brief	Interaction network and mass spectrometry data of Xanthomonas citri subsp. citri surface proteins from differential proteomic analysis of infectious and non-infectious cells.
27587986	2016	Mol Syndromol	Arthrogryposis as a Syndrome: Gene Ontology Analysis.
27586009	2016	BMC Genomics	InteGO2: a web tool for measuring and visualizing gene semantic similarities using Gene Ontology.
27581154	2016	Med. Oncol.	Identification of key pathways and genes in colorectal cancer using bioinformatics analysis.
27559157	2016	Bioinformatics	PhenomeScape: a cytoscape app to identify differentially regulated sub-networks using known disease associations.
27531214	2016	BMC Syst Biol	Cross-species Conservation of context-specific networks.
27524402	2016	Rapid Commun. Mass Spectrom.	Using network analysis to discern compositional patterns in ultrahigh-resolution mass spectrometry data of dissolved organic matter.
27518462	2016	Pancreas	Network Pharmacological Screening of Herbal Monomers that Regulate Apoptosis-Associated Genes in Acute Pancreatitis.
27516065	2016	BMC Genomics	Identification of conserved and novel microRNAs in Porphyridium purpureum via deep sequencing and bioinformatics.
27503052	2016	BMC Syst Biol	In silico modeling for tumor growth visualization.
27497640	2016	J Ethnopharmacol	The effects of Qi Teng Xiao Zhuo granules, traditional Chinese medicine, on the expression of genes in chronic glomerulonephritis rats.
27487266	2016	J Ethnopharmacol	Network ethnopharmacological evaluation of the immunomodulatory activity of Withania somnifera.
27482299	2016	Genes Nutr	Effect of a diet enriched with omega-6 and omega-3 fatty acids on the pig liver transcriptome.
27466623	2016	Bioinformatics	NCMine: Core-peripheral based functional module detection using near-clique mining.
27456030	2016	J. Biomol. Struct. Dyn.	Bioinformatics exploration of PAK1 (P21-activated kinase-1) revealed potential network gene elements in breast invasive carcinoma.
27452039	2016	J Toxicol Sci	Mechanisms of CCl4-induced liver fibrosis with combined transcriptomic and proteomic analysis.
27450445	2016	Dev. Comp. Immunol.	Gene expression profile after activation of RIG-I in 5'ppp-dsRNA challenged DF1.
27446427	2016	Oncol Lett	Identification of key target genes and pathways in laryngeal carcinoma.
27446297	2016	Exp Ther Med	Investigation of the molecular mechanisms underlying metastasis in prostate cancer by gene expression profiling.
27442190	2016	Curr. Eye Res.	Gene Expression Profile of Extracellular Matrix and Adhesion Molecules in the Human Normal Corneal Stroma.
27423718	2016	Ann Vasc Surg	Comparison of Pathogenic Mechanisms Underlying Single and Recurrent Venous Thromboembolism Based on Gene Expression Profiling.
27420970	2016	Genet. Mol. Res.	Identifying significant pathways of hepatitis B virus-related hepatocellular carcinoma based on crosstalk and network pathways.
27414486	2016	Eur. J. Cancer	A five-gene expression signature to predict progression in T1G3 bladder cancer.
27405725	2016	J Orthop Surg Res	Identification of candidate genes for myeloma-induced osteocyte death based on microarray data.
27402693	2016	J Integr Bioinform	PetriScape - A plugin for discrete Petri net simulations in Cytoscape.
27396555	2016	Int Heart J	Bioinformatic Analysis of Genes and MicroRNAs Associated With Atrioventricular Septal Defect in Down Syndrome Patients.
27383706	2016	J Appl Oral Sci	Liver proteome of mice with different genetic susceptibilities to the effects of fluoride.
27356888	2016	Mol Med Rep	Screening of gene signatures for rheumatoid arthritis and osteoarthritis based on bioinformatics analysis.
27356390	2016	Zhong Yao Cai	[Mechanism Study on Danggui Shaoyao San and Guizhi Fuling Wan For Treating Primary Dysmenorrheal Based on Biological Network].
27354160	2016	J. Proteome Res.	BioNSi: A Discrete Biological Network Simulator Tool.
27347378	2016	F1000Res	CyLineUp: A Cytoscape app for visualizing data in network small multiples.
27347171	2016	Oncol Lett	Investigation of potential molecular biomarkers and small molecule drugs for hepatocellular carcinoma transformed from cirrhosis.
27347159	2016	Oncol Lett	Gene expression profiling analysis of ovarian cancer.
27347057	2016	Exp Ther Med	Regulatory mechanisms underlying sepsis progression in patients with tumor necrosis factor-α genetic variations.
27343766	2016	Anal. Biochem.	Phenotyping hepatocellular metabolism using uniformly labeled carbon-13 molecular probes and LC-HRMS stable isotope tracing.
27331400	2016	PLoS ONE	An Integrative Transcriptomic Analysis for Identifying Novel Target Genes Corresponding to Severity Spectrum in Spinal Muscular Atrophy.
27323086	2016	Genet. Mol. Res.	Construction of a protein-protein interaction network of Wilms' tumor and pathway prediction of molecular complexes.
27313588	2016	Front Plant Sci	Comparative Proteomic Analysis of the Response of Maize (Zea mays L.) Leaves to Long Photoperiod Condition.
27294188	2016	ScientificWorldJournal	System Review about Function Role of ESCC Driver Gene KDM6A by Network Biology Approach.
27284354	2016	Exp Ther Med	Identification of nondiabetic heart failure-associated genes by bioinformatics approaches in patients with dilated ischemic cardiomyopathy.
27284300	2016	Exp Ther Med	Differential co-expression analysis of venous thromboembolism based on gene expression profile data.
27278879	2016	Int. J. Oncol.	Exosome-derived microRNAs contribute to prostate cancer chemoresistance.
27262796	2016	Cell. Mol. Biol. (Noisy-le-grand)	Mapping of protein-protein interaction network of Alexander disease.
27247549	2016	Radiol Oncol	Identification of differentially expressed genes associated with the enhancement of X-ray susceptibility by RITA in a hypopharyngeal squamous cell carcinoma cell line (FaDu).
27222482	2016	Gene	Screening and functional analysis of differentially expressed genes in chronic glomerulonephritis by whole genome microarray.
27203685	2016	PLoS Comput. Biol.	Reactome from a WikiPathways Perspective.
27198219	2016	Nucleic Acids Res.	The RING 2.0 web server for high quality residue interaction networks.
27193824	2016	Sci Rep	Identification and Characterization of miRNAs in Chondrus crispus by High-Throughput Sequencing and Bioinformatics Analysis.
27184904	2016	Chin J Integr Med	Exploring mechanisms of Panax notoginseng saponins in treating coronary heart disease by integrating gene interaction network and functional enrichment analysis.
27180817	2016	Sci Rep	Global quantitative proteomics reveal up-regulation of endoplasmic reticulum stress response proteins upon depletion of eIF5A in HeLa cells.
27169281	2016	Yao Xue Xue Bao	[An exploration in the action targets for antidepressant bioactive components of Xiaoyaosan based on network pharmacology].
27153624	2016	Bioinformatics	DyNet: visualization and analysis of dynamic molecular interaction networks.
27153602	2016	Bioinformatics	Quantitative phosphoproteomics-based molecular network description for high-resolution kinase-substrate interactome analysis.
27148389	2016	Hepat Mon	How Hepatitis C Virus Leads to Hepatocellular Carcinoma: A Network-Based Study.
27131904	2016	Toxicol In Vitro	Transcriptomic gene-network analysis of exposure to silver nanoparticle reveals potentially neurodegenerative progression in mouse brain neural cells.
27131791	2016	Nucleic Acids Res.	APID interactomes: providing proteome-based interactomes with controlled quality for multiple species and derived networks.
27123054	2016	Oncol Lett	Identification of potential therapeutic target genes and mechanisms in head and neck squamous cell carcinoma by bioinformatics analysis.
27098040	2016	Nucleic Acids Res.	GAM: a web-service for integrated transcriptional and metabolic network analysis.
27086506	2016	J. Proteome Res.	HiQuant: Rapid Postquantification Analysis of Large-Scale MS-Generated Proteomics Data.
27082053	2016	Mol Med Rep	Identification of microRNA-mRNA interactions in atrial fibrillation using microarray expression profiles and bioinformatics analysis.
27079097	2016	Sheng Wu Yi Xue Gong Cheng Xue Za Zhi	[Protein Interaction Network Construction and Biological Pathway Analysis Related to Atherosclerosis].
27059647	2016	BMC Bioinformatics	CyTRANSFINDER: a Cytoscape 3.3 plugin for three-component (TF, gene, miRNA) signal transduction pathway construction.
27056547	2016	Mol. Cancer	Oral squamous cell carcinoma: microRNA expression profiling and integrative analyses for elucidation of tumourigenesis mechanism.
27052252	2016	Front Med	Bioinformatic exploration of MTA1-regulated gene networks in colon cancer.
27045593	2016	PLoS ONE	GUIdock: Using Docker Containers with a Common Graphics User Interface to Address the Reproducibility of Research.
27010134	2016	Eur Rev Med Pharmacol Sci	Identification potential biomarkers and therapeutic agents in multiple myeloma based on bioinformatics analysis.
27001301	2016	BMC Plant Biol.	Abscisic acid transcriptomic signaling varies with grapevine organ.
27001127	2016	Proteomics	The proteome profile of embryogenic cell suspensions of Coffea arabica L.
26998004	2016	Exp Ther Med	Expression profile analysis based on DNA microarray for patients undergoing off-pump coronary artery bypass surgery.
26988373	2016	Cold Spring Harb Protoc	Exploratory Analysis of Biological Networks through Visualization, Clustering, and Functional Annotation in Cytoscape.
26985959	2016	Genet. Mol. Res.	E2F, HSF2, and miR-26 in thyroid carcinoma: bioinformatic analysis of RNA-sequencing data.
26968890	2016	Gene	Study of pathway cross-talk interactions with NF-κB leading to its activation via ubiquitination or phosphorylation: A brief review.
26968041	2016	Clin. Exp. Rheumatol.	Identifying candidate genes involved in osteoarthritis through bioinformatics analysis.
26960328	2016	Mol. Neurobiol.	IL-22 Impedes the Proliferation of Schwann cells: Transcriptome Sequencing and Bioinformatics Analysis.
26957268	2016	Eur Rev Med Pharmacol Sci	Identification of key genes involved in HER2-positive breast cancer.
26951766	2016	Sci Rep	Quantitative proteomics study of the neuroprotective effects of B12 on hydrogen peroxide-induced apoptosis in SH-SY5Y cells.
26937461	2016	Data Brief	Comprehensive data analysis of human ureter proteome.
26925814	2016	J. Theor. Biol.	Prediction of human protein-protein interaction by a domain-based approach.
26914116	2016	Eur Rev Med Pharmacol Sci	Expression profile analysis of new candidate genes for the therapy of primary osteoporosis.
26909922	2016	Genet. Mol. Res.	Construction of polycythemia vera protein interaction network and prediction of related biological functions.
26907161	2016	ACS Chem. Biol.	Structures of Trypanosome Vacuolar Soluble Pyrophosphatases: Antiparasitic Drug Targets.
26881536	2016	J Cancer Res Ther	Construction and analysis of the regulatory network disturbed by the silenced Sp1 transcription factor in HeLa cells.
26870752	2016	Data Brief	Proteomic data on the nuclear interactome of human MCM9.
26870242	2016	Oncol Lett	Identification of key genes associated with gastric cancer based on DNA microarray data.
26870222	2016	Oncol Lett	Signal transduction by M3 muscarinic acetylcholine receptor in prostate cancer.
26870179	2016	Oncol Lett	Gene expression profiling analysis of MENX-associated rat pituitary adenomas contributes to understand molecular mechanisms of human pituitary adenomas.
26868022	2016	Med. Sci. Monit.	Identification of Molecular Targets for Predicting Colon Adenocarcinoma.
26867676	2016	Proteomics	Exposure of CCRF-CEM cells to acridone derivative 8a triggers tumor death via multiple mechanisms.
26858982	2016	Data Brief	Data in support of FSH induction of IRS-2 in human granulosa cells: Mapping the transcription factor binding sites in human IRS-2 promoter.
26850698	2016	J Proteomics	Human urinary exosome proteome unveils its aerobic respiratory ability.
26846964	2016	BMC Bioinformatics	CABeRNET: a Cytoscape app for augmented Boolean models of gene regulatory NETworks.
26845596	2016	Ann Hepatol	Gene expression profiling reveals key genes and pathways related to the development of non-alcoholic fatty liver disease.
26840709	2016	Braz. J. Med. Biol. Res.	Gene expression profiling analysis of lung adenocarcinoma.
26834985	2016	F1000Res	iCTNet2: integrating heterogeneous biological interactions to understand complex traits.
26834984	2016	F1000Res	PSFC: a Pathway Signal Flow Calculator App for Cytoscape.
26812286	2016	Neuro Endocrinol. Lett.	Bioinformatics analyses combined microarray identify the differentially expressed microRNAs in periventricular leukomalacia.
26804550	2016	J Obstet Gynaecol	Molecular mechanisms associated with breast cancer based on integrated gene expression profiling by bioinformatics analysis.
26795696	2016	Mol Med Rep	Gene expression profiling analysis contributes to understanding the association between non-syndromic cleft lip and palate, and cancer.
26793622	2016	Front Cell Infect Microbiol	A Systems Biology Approach to Reveal Putative Host-Derived Biomarkers of Periodontitis by Network Topology Characterization of MMP-REDOX/NO and Apoptosis Integrated Pathways.
26784652	2016	Gene	Non-canonical pathway network modelling and ubiquitination site prediction through homology modelling of NF-κB.
26784240	2016	Membranes (Basel)	Lamina Associated Polypeptide 1 (LAP1) Interactome and Its Functional Features.
26782791	2016	Mol Med Rep	Identification of candidate target genes of pituitary adenomas based on the DNA microarray.
26781349	2016	Oncol. Rep.	Identification of miRNAs and differentially expressed genes in early phase non-small cell lung cancer.
26779228	2016	Front Plant Sci	CoExpNetViz: Comparative Co-Expression Networks Construction and Visualization Tool.
26770395	2016	Int J Clin Exp Med	Screening feature genes of astrocytoma using a combined method of microarray gene expression profiling and bioinformatics analysis.
26765468	2016	Medicine (Baltimore)	Screening for the Key lncRNA Targets Associated With Metastasis of Renal Clear Cell Carcinoma.
26737782	2016	Conf Proc IEEE Eng Med Biol Soc	An approach for optimally extending mathematical models of signaling networks using omics data.
26732727	2016	J Proteomics	Seasonal proteome changes of nasal mucus reflect perennial inflammatory response and reduced defence mechanisms and plasticity in allergic rhinitis.
26729218	2016	BMC Bioinformatics	Diffany: an ontology-driven framework to infer, visualise and analyse differential molecular networks.
26719042	2016	Gene	Microarray-based gene expression profiling reveals genes and pathways involved in the oncogenic function of REG3A on pancreatic cancer cells.
26717154	2015	RNA Biol	Identification and characterization of microRNAs in Eucheuma denticulatum by high-throughput sequencing and bioinformatics analysis.
26714915	2015	Nan Fang Yi Ke Da Xue Xue Bao	[Screening genes related with leukocyte responses early after burn injury: analysis of differentially gene expression profiling data in mice].
26713275	2015	Acta Pharm Sin B	Prediction of the anti-inflammatory mechanisms of curcumin by module-based protein interaction network analysis.
26709677	2015	Med. Sci. Monit.	Tumor Suppressor Role of miR-363-3p in Gastric Cancer.
26691584	2015	Chin Med	In silico target fishing and pharmacological profiling for the isoquinoline alkaloids of Macleaya cordata (Bo Luo Hui).
26691002	2015	Chin Med	Actions of Huangqi decoction against rat liver fibrosis: a gene expression profiling analysis.
26674271	2015	F1000Res	SLiMScape 3.x: a Cytoscape 3 app for discovery of Short Linear Motifs in protein interaction networks.
26672762	2015	F1000Res	CyREST: Turbocharging Cytoscape Access for External Tools via a RESTful API.
26672347	2015	Zhong Yao Cai	[Simulation and Prediction of Material Foundation of Rhei Radix et Rhizoma for Ischemic Stroke Based on Molecular Docking Technology].
26669930	2015	Bioinformatics	CytoGEDEVO-global alignment of biological networks with Cytoscape.
26662404	2015	Genet. Mol. Res.	Construction of gene/protein interaction networks for primary myelofibrosis and KEGG pathway-enrichment analysis of molecular compounds.
26650608	2015	J. Assist. Reprod. Genet.	Aberrant expression of long noncoding RNAs in cumulus cells isolated from PCOS patients.
26641843	2015	Spine	Bioinformatics Analysis of microRNA Time-Course Expression in Brown Rat (Rattus norvegicus): Spinal Cord Injury Self-Repair.
26636516	2015	Eur Rev Med Pharmacol Sci	Expression data analysis to identify key target genes in visceral fat tissue associated with obstructive sleep apnea.
26600477	2015	Genet. Mol. Res.	Analysis of the gene-protein interaction network in glioma.
26594341	2015	F1000Res	NetMatchStar: an enhanced Cytoscape network querying app.
26592840	2015	Eur Rev Med Pharmacol Sci	Cytochrome c oxidase subunit VIIb as a potential target in familial hypercholesterolemia by bioinformatical analysis.
26584937	2015	Methods Mol. Biol.	Systems Analysis for Interpretation of Phosphoproteomics Data.
26566394	2015	Source Code Biol Med	CyNetworkBMA: a Cytoscape app for inferring gene regulatory networks.
26558755	2015	PLoS ONE	Gene Network Rewiring to Study Melanoma Stage Progression and Elements Essential for Driving Melanoma.
26525978	2015	BMC Genomics	A bioinformatic survey of RNA-binding proteins in Plasmodium.
26523131	2015	Genomics Inform	The Construction of Regulatory Network for Insulin-Mediated Genes by Integrating Methods Based on Transcription Factor Binding Motifs and Gene Expression Variations.
26518718	2015	Gene	Identification of gene markers in the development of smoking-induced lung cancer.
26502853	2015	Eur Rev Med Pharmacol Sci	Identifying the biomarkers of multiple sclerosis based on non-coding RNA signature.
26498853	2015	Mol Med Rep	Identification of candidate target genes for human peripheral arterial disease using weighted gene co‑expression network analysis.
26498776	2015	Int. J. Mol. Med.	Identification of differentially expressed genes associated with burn sepsis using microarray.
26498477	2015	Mol Med Rep	Identification of key genes associated with the human abdominal aortic aneurysm based on the gene expression profile.
26497545	2015	Mol Med Rep	Further insight into molecular mechanism underlying thoracic spinal cord injury using bioinformatics methods.
26487783	2015	Development	Defining the three cell lineages of the human blastocyst by single-cell RNA-seq.
26481357	2015	Nucleic Acids Res.	WikiPathways: capturing the full diversity of pathway knowledge.
26477351	2015	Comb. Chem. High Throughput Screen.	Network Pharmacology of Ayurveda Formulation Triphala with Special Reference to Anti-Cancer Property.
26469778	2015	Sci Rep	Systems pharmacology-based dissection of mechanisms of Chinese medicinal formula Bufei Yishen as an effective treatment for chronic obstructive pulmonary disease.
26467653	2015	BMC Genomics	Virtual pathway explorer (viPEr) and pathway enrichment analysis tool (PEANuT): creating and analyzing focus networks to identify cross-talk between molecules and pathways.
26458310	2015	Neoplasma	Identification of lung cancer oncogenes based on the mRNA expression and single nucleotide polymorphism profile data.
26444528	2015	BMC Plant Biol.	Using the combined analysis of transcripts and metabolites to propose key genes for differential terpene accumulation across two regions.
26439031	2015	Eur Rev Med Pharmacol Sci	Identification of potential therapeutic target genes and mechanisms in non-small-cell lung carcinoma in non-smoking women based on bioinformatics analysis.
26421278	2015	Biomed Res Int	mmnet: An R Package for Metagenomics Systems Biology Analysis.
26415722	2015	Bioinformatics	Cytoscape.js: a graph theory library for visualisation and analysis.
26396508	2015	Int J Chron Obstruct Pulmon Dis	Protein networks in induced sputum from smokers and COPD patients.
26379745	2015	Evid Based Complement Alternat Med	The Mechanism Research of Qishen Yiqi Formula by Module-Network Analysis.
26357322	2015	IEEE/ACM Trans Comput Biol Bioinform	Building Transcriptional Association Networks in Cytoscape with RegNetC.
26357321	2015	IEEE/ACM Trans Comput Biol Bioinform	ClusterViz: A Cytoscape APP for Cluster Analysis of Biological Network.
26354330	2015	Arch. Gynecol. Obstet.	Molecular mechanisms underlying endometriosis pathogenesis revealed by bioinformatics analysis of microarray data.
26334995	2015	BMC Oral Health	Genes related to inflammation and bone loss process in periodontitis suggested by bioinformatics methods.
26329309	2015	Mol Med Rep	In silico analysis of the molecular mechanism of postmenopausal osteoporosis.
26328044	2015	Gastroenterol Hepatol Bed Bench	Protein-Protein Interaction Network could reveal the relationship between the breast and colon cancer.
26324226	2015	Mol Med Rep	A systems biology approach to detect key pathways and interaction networks in gastric cancer on the basis of microarray analysis.
26317507	2015	J. Proteome Res.	PhosphoPath: Visualization of Phosphosite-centric Dynamics in Temporal Molecular Networks.
26297948	2015	Biochem. Biophys. Res. Commun.	Identification of a PEAK1/ZEB1 signaling axis during TGFβ/fibronectin-induced EMT in breast cancer.
26276506	2015	Genes Nutr	Integrative network-based analysis of mRNA and microRNA expression in 1,25-dihydroxyvitamin D3-treated cancer cells.
26273408	2015	Thorac Cancer	Potential anti-cancer effect of curcumin in human lung squamous cell carcinoma.
26272981	2015	Bioinformatics	cyNeo4j: connecting Neo4j and Cytoscape.
26272496	2015	Sci Rep	Integrated analysis of miRNA/mRNA network in placenta identifies key factors associated with labor onset of Large White and Qingping sows.
26271256	2015	BMC Syst Biol	DeDaL: Cytoscape 3 app for producing and morphing data-driven and structure-driven network layouts.
26263550	2015	PLoS ONE	Transcriptomic Analysis of Metabolic Pathways in Milkfish That Respond to Salinity and Temperature Changes.
26255378	2015	Int J Data Min Bioinform	Identifying susceptibility networks for drug-induced non-immune neutropenia.
26250077	2015	Gene	Screening genes associated with myocardial infarction and transverse aortic constriction using a combined analysis of miRNA and mRNA microarray.
27781081	2015	F1000Res	Finding the shortest path with PesCa: a tool for network reconstruction.
26229487	2015	Onco Targets Ther	Identification of the key genes connected with plasma cells of multiple myeloma using expression profiles.
26229356	2015	J Pharm Bioallied Sci	In-silico gene co-expression network analysis in Paracoccidioides brasiliensis with reference to haloacid dehalogenase superfamily hydrolase gene.
26223925	2015	J. Huazhong Univ. Sci. Technol. Med. Sci.	Effects of β-catenin on differentially expressed genes in multiple myeloma.
26223573	2015	J Anesth	Biological processes and pathway changes in isoflurane-induced anesthesia revealed by bioinformatics analysis of gene expression profiles.
26207134	2015	Psychiatry Investig	Microarray Analysis of the Major Depressive Disorder mRNA Profile Data.
26205656	2015	Mol Brain	Circulating miRNAs profiles in Tourette syndrome: molecular data and clinical implications.
26191080	2015	Chin Med	Network pharmacological identification of active compounds and potential actions of Erxian decoction in alleviating menopause-related symptoms.
26189254	2015	Eur. J. Gynaecol. Oncol.	Identification of potential targets for ovarian cancer treatment by systematic bioinformatics analysis.
26187041	2015	BMC Ophthalmol	Screening of potential target genes for cataract by analyzing mRNA expression profile of mouse Hsf4-null lens.
26186710	2015	Expert Rev Proteomics	The human urinary exosome as a potential metabolic effector cargo.
26177842	2015	Oncol. Rep.	Identification of genes and long non-coding RNAs associated with the pathogenesis of gastric cancer.
26163265	2015	BMC Syst Biol	CytoASP: a Cytoscape app for qualitative consistency reasoning, prediction and repair in biological networks.
26137699	2015	Zhongguo Zhong Yao Za Zhi	[Study on intersection and regulation mechanism of &quot;efficacy-toxicity network&quot; of aconite in combination environment of Sini decoction].
26125802	2015	Genet. Mol. Res.	Integrated miRNA-mRNA analysis of Epstein-Barr virus-positive nasopharyngeal carcinoma.
26125269	2015	Eur Rev Med Pharmacol Sci	Bioinformatics analysis of gene expression profiles in hepatocellular carcinoma.
26114977	2015	Syst Biol Reprod Med	Follicular fluid alterations in endometriosis: label-free proteomics by MS(E) as a functional tool for endometriosis.
26104178	2015	Int Heart J	Analysis of Gene Expression During the Development of Congestive Heart Failure After Myocardial Infarction in Rat Models.
26103670	2015	Lin Chung Er Bi Yan Hou Tou Jing Wai Ke Za Zhi	[The changes of microRNA in nasal mucosa after the specific immunotherapy for allergic rhinitis in mice].
26103419	2015	Autophagy	Evolutionary trends and functional anatomy of the human expanded autophagy network.
26096802	2015	Mol Med Rep	Gene expression profiling analysis of osteosarcoma cell lines.
26064257	2015	Int J Clin Exp Med	Interaction network analysis of differentially expressed genes and screening of cancer marker in the urine of patients with invasive bladder cancer.
26045708	2015	Hepat Mon	Molecular mechanisms for alcoholic hepatitis based on analysis of gene expression profile.
26043775	2015	Kidney Blood Press. Res.	Identification of key genes and pathways in renal cell carcinoma through expression profiling data.
26029219	2015	Front Plant Sci	Sequencing, de novo assembly and comparative analysis of Raphanus sativus transcriptome.
26021477	2015	J Proteomics	Profiling of urinary proteins in Karan Fries cows reveals more than 1550 proteins.
25982257	2015	Endocr. Pathol.	Latent Pathways Identification by Microarray Expression Profiles in Thyroid-Associated Ophthalmopathy Patients.
25972860	2015	Front Microbiol	Dissection of the cis-2-decenoic acid signaling network in Pseudomonas aeruginosa using microarray technique.
25955758	2015	Mol Med Rep	Screening biomarkers of bladder cancer using combined miRNA and mRNA microarray analysis.
25953442	2015	Tumori	Screening the molecular targets of ovarian cancer based on bioinformatics analysis.
25953080	2015	Database (Oxford)	CerebralWeb: a Cytoscape.js plug-in to visualize networks stratified by subcellular localization.
25945082	2015	Clin Proteomics	Comparative proteomic analysis of hypertrophic chondrocytes in osteoarthritis.
25940503	2015	Reprod. Fertil. Dev.	Novel equine conceptus?endometrial interactions on Day 16 of pregnancy based on RNA sequencing.
25936657	2015	Mol Med Rep	Gene expression profiling via bioinformatics analysis reveals biomarkers in laryngeal squamous cell carcinoma.
25925016	2015	BMC Bioinformatics	Visual analysis of biological data-knowledge networks.
25922912	2015	Planta Med.	Metabonomic Study of the Effects of Acanthopanax senticosus on Peripheral System of Rats.
25918880	2015	Exp. Clin. Endocrinol. Diabetes	Revealing the underlying mechanism of diabetic nephropathy viewed by microarray analysis.
25907256	2015	Pathol. Oncol. Res.	Exploring the Molecular Mechanism and Biomakers of Liver Cancer Based on Gene Expression Microarray.
25889429	2015	BMC Med Genomics	Systems biology of myasthenia gravis, integration of aberrant lncRNA and mRNA expression changes.
25883154	2015	Nucleic Acids Res.	CellWhere: graphical display of interaction networks organized on subcellular localizations.
25877637	2015	Database (Oxford)	DisGeNET: a discovery platform for the dynamical exploration of human diseases and their genes.
25865247	2015	Structure	CyToStruct: Augmenting the Network Visualization of Cytoscape with the Power of Molecular Viewers.
25859558	2015	Oncoscience	Analysis and interpretation of transcriptomic data obtained from extended Warburg effect genes in patients with clear cell renal cell carcinoma.
25855937	2015	Eur Rev Med Pharmacol Sci	Common genes in coronary artery disease from Europe, Asia and North America regardless of race and lifestyle.
25844058	2015	Int J Mass Spectrom	Mass spectral similarity for untargeted metabolomics data analysis of complex mixtures.
25842907	2015	Prikl. Biokhim. Mikrobiol.	[Analysis of metabolic profile of Chlamydomonas reinhardtii cultivated under autotrophic conditions].
25842371	2015	Brain Res.	Quantitative proteomic analysis of the brainstem following lethal sarin exposure.
25833953	2015	Database (Oxford)	Construction of phosphorylation interaction networks by text mining of full-length articles using the eFIP system.
25832863	2015	Med. Oncol.	Identification of potential therapeutic target genes, key miRNAs and mechanisms in acute myeloid leukemia based on bioinformatics analysis.
25824986	2015	Mol Med Rep	Identification of therapeutic targets for breast cancer using biological informatics methods.
25805103	2015	Exp. Mol. Pathol.	Identification of dysfunctional biological pathways and their synergistic mechanism in hepatocellular carcinoma process.
25786624	2015	Ir J Med Sci	Systematic analysis to identify a key role of CDK1 in mediating gene interaction networks in cervical cancer development.
25785089	2015	Int J Clin Exp Med	Identification of B cells participated in the mechanism of postmenopausal women osteoporosis using microarray analysis.
25771989	2015	Aging Clin Exp Res	Comprehensive transcriptome analysis of mesenchymal stem cells in elderly patients with osteoporosis.
25769893	2015	Chin J Nat Med	A network pharmacology study of Sendeng-4, a Mongolian medicine.
25768320	2015	Tumori	Identification of hepatocellular carcinoma-associated hub genes and pathways by integrated microarray analysis.
25757789	2015	Methods Mol. Biol.	Constructing simple biological networks for understanding complex high-throughput data in plants.
25756408	2015	J Spinal Disord Tech	Gene expression profiling analysis of patients with ankylosing spondylitis.
25755273	2015	Bioinformatics	BMRF-Net: a software tool for identification of protein interaction subnetworks by a bagging Markov random field-based method.
25753876	2015	Eur Rev Med Pharmacol Sci	Identifying hub genes and dysregulated pathways in hepatocellular carcinoma.
25753874	2015	Eur Rev Med Pharmacol Sci	Effect evaluation of cisplatin-gemcitabine combination chemotherapy for advanced non-small cell lung cancer patients using microarray data.
25750651	2015	Front Genet	CoVennTree: a new method for the comparative analysis of large datasets.
25695524	2015	Oncol. Rep.	Cross-platform meta-analysis of multiple gene expression profiles identifies novel expression signatures in acquired anthracycline-resistant breast cancer.
25695263	2015	Mol Med Rep	Screening for characteristic microRNAs between pre-invasive and invasive stages of cervical cancer.
25660986	2015	Int. J. Dermatol.	Protein-protein interaction network of gene expression in the hydrocortisone-treated keloid.
25635527	2015	Autophagy	Autophagy Regulatory Network - a systems-level bioinformatics resource for studying the mechanism and regulation of autophagy.
25604238	2015	BMC Plant Biol.	ocsESTdb: a database of oil crop seed EST sequences for comparative analysis and investigation of a global metabolic network and oil accumulation metabolism.
25592164	2015	Med. Sci. Monit.	Gene expression profiling analysis of castration-resistant prostate cancer.
25585621	2015	Mol Med Rep	Exploring the association between interleukin-1β and its interacting proteins in Alzheimer's disease.
25580224	2015	F1000Res	The Cytoscape app article collection.
25577435	2015	Bioinformatics	ENViz: a Cytoscape App for integrated statistical analysis and visualization of sample-matched data with multiple data types.
25576219	2015	Gene	MicroRNA expression profiling and functional annotation analysis of their targets associated with the malignant transformation of oral leukoplakia.
25573623	2015	Int. J. Mol. Med.	Identification of hub subnetwork based on topological features of genes in breast cancer.
25565839	2015	Int J Nanomedicine	Analysis of zinc oxide nanoparticles binding proteins in rat blood and brain homogenate.
25565838	2015	Int J Nanomedicine	Analysis of SiO2 nanoparticles binding proteins in rat blood and brain homogenate.
25565391	2015	Scand. J. Immunol.	Immune system-related differentially expressed genes, transcription factors and microRNAs in post-menopausal females with osteopenia.
25563367	2015	Neoplasma	Microarray data analysis reveals differentially expressed genes in prolactinoma.
26949516	2015	F1000Res	Social Network: a Cytoscape app for visualizing co-authorship networks.
26937268	2015	F1000Res	CyAnimator: Simple Animations of Cytoscape Networks.
25541727	2014	PLoS ONE	ReNE: a cytoscape plugin for regulatory network enhancement.
25540777	2014	Front Bioeng Biotechnol	Comprehensive reconstruction and visualization of non-coding regulatory networks in human.
25527096	2014	Bioinformatics	The Cyni framework for network inference in Cytoscape.
25522143	2014	PLoS Genet.	Plasmid flux in Escherichia coli ST131 sublineages, analyzed by plasmid constellation network (PLACNET), a new method for plasmid reconstruction from whole genome sequences.
25522063	2014	BMC Syst Biol	TimeXNet: identifying active gene sub-networks using time-course gene expression profiles.
25521941	2014	BMC Syst Biol	cytoHubba: identifying hub objects and sub-networks from complex interactome.
25520778	2014	F1000Res	Cytoscape tools for the web age: D3.js and Cytoscape.js exporters.
25519357	2014	BMC Proc	Pathway analysis for genetic association studies: to do, or not to do? That is the question.
25515564	2014	Clin Respir J	SMC3 may play an important role in atopic asthma development.
25512274	2014	Beijing Da Xue Xue Bao	[Targeted effect of microRNA on nerve growth factor pathway and its functional network in patients with unstable angina].
25511031	2014	Genet. Mol. Res.	Identification of differently expressed genes in leukemia using multiple microarray datasets.
25501146	2014	Genet. Mol. Res.	Protein-protein interaction network analysis of osteoarthritis-related differentially expressed genes.
25488183	2014	Mol. Pharmacol.	Enoxaparin sensitizes human non-small-cell lung carcinomas to gefitinib by inhibiting DOCK1 expression, vimentin phosphorylation, and Akt activation.
25475428	2014	BMC Complement Altern Med	Database screening of herbal monomers regulating autophagy by constructing a &quot;disease-gene-drug&quot; network.
25469323	2014	PeerJ	Visual analytics in healthcare education: exploring novel ways to analyze and represent big data in undergraduate medical education.
25468726	2014	Acta Histochem.	Molecular mechanisms of osteoarthritis using gene microarrays.
25451770	2014	BioSystems	CytoNCA: a cytoscape plugin for centrality analysis and evaluation of protein interaction networks.
25450280	2014	J Cancer Res Ther	Analysis of hepatocellular carcinoma and metastatic hepatic carcinoma via functional modules in a protein-protein interaction network.
25445499	2014	Exp. Mol. Pathol.	Microarray gene expression profiling and bioinformatics analysis of premature ovarian failure in a rat model.
25435164	2014	Mol Med Rep	Gene co-expression network and function modules in three types of glioma.
25434727	2014	Mol Med Rep	Regulatory network of differentially expressed genes in metastatic osteosarcoma.
25433696	2014	Bioinformatics	LigDig: a web server for querying ligand-protein interactions.
25410188	2014	Scand. J. Immunol.	Immune- and ribosome-related genes were associated with systemic vasculitis.
25409614	2014	Tumour Biol.	A comprehensive analysis of candidate genes and pathways in pancreatic cancer.
25408372	2014	Pathol. Oncol. Res.	Identification of differently expressed genes with specific SNP Loci for breast cancer by the integration of SNP and gene expression profiling analyses.
25400907	2014	F1000Res	Development and use of the Cytoscape app GFD-Net for measuring semantic dissimilarity of gene networks.
25392417	2014	Nucleic Acids Res.	CeCaFDB: a curated database for the documentation, visualization and comparative analysis of central carbon metabolic flux distributions explored by 13C-fluxomics.
25392406	2014	Nucleic Acids Res.	VirHostNet 2.0: surfing on the web of virus/host molecular interactions data.
25385480	2014	Mol. Cell. Biochem.	Identification of genes associated with the differentiation potential of adipose-derived stem cells to osteocytes or myocytes.
25383185	2014	F1000Res	CyKEGGParser: tailoring KEGG pathways to fit into systems biology analysis workflows.
25380962	2014	Bioinformatics	CytoCom: a Cytoscape app to visualize, query and analyse disease comorbidity networks.
25378329	2014	Nucleic Acids Res.	MatrixDB, the extracellular matrix interaction database: updated content, a new navigator and expanded functionalities.
25365344	2014	PLoS ONE	Computational analysis of reciprocal association of metabolism and epigenetics in the budding yeast: a genome-scale metabolic model (GSMM) approach.
25358439	2014	Eur. J. Med. Res.	Ranking candidate genes of esophageal squamous cell carcinomas based on differentially expressed genes and the topological properties of the co-expression network.
25352980	2014	F1000Res	setsApp for Cytoscape: Set operations for Cytoscape Nodes and Edges.
25351486	2014	Mol. Biol. Rep.	Distinctive pathways characterize A. actinomycetemcomitans and P. gingivalis.
25348135	2014	Neurol. Sci.	Gene expression analyses to explore the biomarkers and therapeutic targets for gliomas.
25339452	2014	Mol Med Rep	Co-expression analysis of differentially expressed genes in hepatitis C virus-induced hepatocellular carcinoma.
25324964	2014	F1000Res	GASOLINE: a Cytoscape app for multiple local alignment of PPI networks.
25309732	2014	F1000Res	ReactomeFIViz: a Cytoscape app for pathway and network-based data analysis.
25285206	2014	F1000Res	enhancedGraphics: a Cytoscape app for enhanced node graphics.
25275790	2014	Nat Protoc	Affinity purification-mass spectrometry and network analysis to understand protein-protein interactions.
25275465	2014	PLoS ONE	GIANT: a cytoscape plugin for modular networks.
25273109	2014	Bioinformatics	KDDN: an open-source Cytoscape app for constructing differential dependency networks with significant rewiring.
25260698	2014	Bioinformatics	PINBPA: cytoscape app for network analysis of GWAS data.
25257390	2014	Diagn Pathol	Gene expression profiles analysis identifies key genes for acute lung injury in patients with sepsis.
25254104	2014	F1000Res	GeneMANIA: Fast gene network construction and function prediction for Cytoscape.
25254103	2014	F1000Res	WikiPathways App for Cytoscape: Making biological pathways amenable to network analysis and visualization.
25227403	2014	Ann. Hum. Genet.	Renal agenesis in Kallmann syndrome: a network approach.
25227254	2014	J. Obstet. Gynaecol. Res.	Analyzing the differentially expressed genes and pathway cross-talk in aggressive breast cancer.
25216767	2014	Epilepsy Behav	Looking for complexity in quantitative semiology of frontal and temporal lobe seizures using neuroethology and graph theory.
25212755	2014	Bioinformatics	cddApp: a Cytoscape app for accessing the NCBI conserved domain database.
25211130	2014	PLoS ONE	Characterization of transcription factor networks involved in umbilical cord blood CD34+ stem cells-derived erythropoiesis.
25205120	2014	Mol. Biol. Rep.	Text mining and network analysis of molecular interaction in non-small cell lung cancer by using natural language processing.
25199793	2014	Curr Protoc Bioinformatics	Biological network exploration with Cytoscape 3.
25199469	2014	Mol Med Rep	Screening of diagnostic markers for osteosarcoma.
25189652	2014	Mol. Biol. Rep.	Investigation of key miRNAs and target genes in bladder cancer using miRNA profiling and bioinformatic tools.
25183411	2014	Eur. J. Med. Res.	Network analysis of ChIP-Seq data reveals key genes in prostate cancer.
25182125	2014	J Transl Med	Mapping knowledge translation and innovation processes in Cancer Drug Development: the case of liposomal doxorubicin.
25180703	2014	PLoS ONE	Proteomic analysis of gastrocnemius muscle in rats with streptozotocin-induced diabetes and chronically exposed to fluoride.
25177485	2014	F1000Res	KEGGscape: a Cytoscape app for pathway data integration.
25172542	2014	Blood Cells Mol. Dis.	Identification of key genes affecting disease free survival time of pediatric acute lymphoblastic leukemia based on bioinformatic analysis.
25165537	2014	F1000Res	Cytoscape: the network visualization tool for GenomeSpace workflows.
25153667	2014	Genomics Proteomics Bioinformatics	FunMod: a Cytoscape plugin for identifying functional modules in undirected protein-protein networks.
25151173	2014	Methods Mol. Biol.	Hox protein interactions: screening and network building.
25149502	2014	BMC Med Genomics	Biological network inferences for a protection mechanism against familial Creutzfeldt-Jakob disease with E200K pathogenic mutation.
25138169	2014	Bioinformatics	Pepper: cytoscape app for protein complex expansion using protein-protein interaction networks.
25134827	2014	BMC Syst Biol	KeyPathwayMiner 4.0: condition-specific pathway analysis by combining multiple omics studies and networks with Cytoscape.
25125975	2014	Int J Chron Obstruct Pulmon Dis	Serum cytokine profiling and enrichment analysis reveal the involvement of immunological and inflammatory pathways in stable patients with chronic obstructive pulmonary disease.
25118911	2014	Mol Med Rep	Differential co-expression analysis of rheumatoid arthritis with microarray data.
25116327	2014	PLoS ONE	Grouping annotations on the subcellular layered interactome demonstrates enhanced autophagy activity in a recurrent experimental autoimmune uveitis T cell line.
25110584	2014	F1000Res	BridgeDb app: unifying identifier mapping services for Cytoscape.
25080304	2014	Theor Biol Med Model	An extended gene protein/products Boolean network model including post-transcriptional regulation.
25075307	2014	F1000Res	Porting and using PanGIA for Cytoscape 3: challenges and solutions.
25075306	2014	F1000Res	Enrichment Map - a Cytoscape app to visualize and explore OMICs pathway enrichment results.
25070821	2014	Eur Rev Med Pharmacol Sci	Identification crucial genes in peripheral neuropathic pain induced by spared nerve injury.
25058310	2014	PLoS ONE	PANET: a GPU-based tool for fast parallel analysis of robustness dynamics and feed-forward/feedback loop structures in large-scale biological networks.
25058159	2014	PLoS Comput. Biol.	iRegulon: from a gene list to a gene regulatory network using large motif and track collections.
25057483	2014	Biomed Res Int	The human plasma membrane peripherome: visualization and analysis of interactions.
25055025	2014	J. Recept. Signal Transduct. Res.	Integrative analysis of ocular complications in atherosclerosis unveils pathway convergence and crosstalk.
25051057	2014	PLoS ONE	Visualized gene network reveals the novel target transcripts Sox2 and Pax6 of neuronal development in trans-placental exposure to bisphenol A.
25040996	2014	Asian Pac. J. Cancer Prev.	Construction of a protein-protein interaction network for chronic myelocytic leukemia and pathway prediction of molecular complexes.
25003364	2014	Exp. Clin. Endocrinol. Diabetes	Identification of biological targets of therapeutic intervention for diabetic nephropathy with bioinformatics approach.
25002203	2014	BMC Bioinformatics	eXamine: exploring annotated modules in networks.
24993113	2014	Mol. Biol. Rep.	Key genes associated with osteoporosis revealed by genome wide gene expression analysis.
24969630	2014	Int. J. Mol. Med.	Identification of key genes and crucial modules associated with coronary artery disease by bioinformatics analysis.
24959249	2014	Oncol Lett	Bioinformatics analyses combined microarray identify the deregulated microRNAs in oral cancer.
24949626	2014	PLoS ONE	IIS--Integrated Interactome System: a web-based platform for the annotation, analysis and visualization of protein-metabolite-gene-drug interactions by integrating a variety of data sources and tools.
24911777	2014	J. Theor. Biol.	Pathway and network analysis in proteomics.
24895587	2014	Biomed Res Int	Network of microRNAs-mRNAs interactions in pancreatic cancer.
24886659	2014	Arthritis Res. Ther.	Network analysis identifies protein clusters of functional importance in juvenile idiopathic arthritis.
24867915	2014	Physiol. Genomics	Mechanisms for the adverse effects of late gestational increases in maternal cortisol on the heart revealed by transcriptomic analyses of the fetal septum.
24862384	2014	Genomics Proteomics Bioinformatics	C2Analyzer: Co-target-co-function analyzer.
24859971	2014	Pathol. Oncol. Res.	Screening of critical genes in lung adenocarcinoma via network analysis of gene expression profile.
24838641	2014	Braz. J. Med. Biol. Res.	Transduction motif analysis of gastric cancer based on a human signaling network.
24830558	2014	Int J Mol Sci	The G protein-coupled receptor heterodimer network (GPCR-HetNet) and its hub components.
24829448	2014	Nucleic Acids Res.	ToppMiR: ranking microRNAs and their mRNA targets based on biological functions and context.
24788790	2014	PLoS ONE	ModuleRole: a tool for modulization, role determination and visualization in protein-protein interaction networks.
24763884	2014	Eur Rev Med Pharmacol Sci	Identified differently expressed genes in renal cell carcinoma by using multiple microarray datasets running head: differently expressed genes in renal cell carcinoma.
24754179	2014	Zhongguo Zhong Yao Za Zhi	[Network pharmacology study on major active compounds of siwu decoction analogous formulae for treating primary dysmenorrhea of gynecology blood stasis syndrome].
24743993	2014	Methods Mol. Biol.	Identifying stem cell gene expression patterns and phenotypic networks with AutoSOME.
24736319	2014	PLoS ONE	Network analysis of inflammatory genes and their transcriptional regulators in coronary artery disease.
24728565	2014	Mol. Biol. Rep.	Uncovering the pathogenesis and identifying novel targets of pancreatic cancer using bioinformatics approach.
24724603	2014	Arch Iran Med	Meningioma protein-protein interaction network.
24718810	2014	Mol Med Rep	Module-based functional pathway enrichment analysis of a protein-protein interaction network to study the effects of intestinal microbiota depletion in mice.
24713438	2014	Bioinformatics	MetDisease--connecting metabolites to diseases via literature.
24713437	2014	Bioinformatics	HyperModules: identifying clinically and phenotypically significant network modules with disease mutations for biomarker discovery.
24700371	2014	Oncol. Rep.	CDK2 and CDK4 play important roles in promoting the proliferation of SKOV3 ovarian carcinoma cells induced by tumor-associated macrophages.
24695521	2014	PLoS ONE	RNA-Seq and microarrays analyses reveal global differential transcriptomes of Mesorhizobium huakuii 7653R between bacteroids and free-living cells.
24668670	2014	Genet. Mol. Res.	Module function and two-way clustering analysis of Epstein-Barr virus-related nasopharyngeal cancer.
24615040	2014	Genet. Mol. Res.	Screening of key genes of unruptured intracranial aneurysms by using DNA microarray data analysis techniques.
24603189	2014	Kidney Blood Press. Res.	Revealing the underlying mechanism of ischemia reperfusion injury using bioinformatics approach.
24586448	2014	PLoS ONE	Node interference and robustness: performing virtual knock-out experiments on biological networks: the case of leukocyte integrin activation network.
24578538	2014	BMJ Open	PARK2 and proinflammatory/anti-inflammatory cytokine gene interactions contribute to the susceptibility to leprosy: a case-control study of North Indian population.
24577727	2014	Inflammation	Modular analysis of bioinformatics demonstrates a critical role for NF-κB in macrophage activation.
24573512	2014	Int. J. Mol. Med.	RASSF1A promotes apoptosis and suppresses the proliferation of ovarian cancer cells.
24452951	2014	Eur Rev Med Pharmacol Sci	Identification of typical miRNAs and target genes in hepatocellular carcinoma by DNA microarray technique.
24452942	2014	Eur Rev Med Pharmacol Sci	Screening of genes related to acute coronary syndrome and identification of functional modules in the PPI network.
24443383	2014	Bioinformatics	ProbMetab: an R package for Bayesian probabilistic annotation of LC-MS-based metabolomics.
24430173	2014	Genes Immun.	A gene pathway analysis highlights the role of cellular adhesion molecules in multiple sclerosis susceptibility.
24418523	2014	J Proteomics	Colorectal cancer candidate biomarkers identified by tissue secretome proteome profiling.
24398765	2014	Int. J. Mol. Med.	Revealing the molecular mechanism of colorectal cancer by establishing LGALS3-related protein-protein interaction network and identifying signaling pathways.
26594322	2014	F1000Res	Biological network analysis with CentiScaPe: centralities and experimental dataset integration.
25948119	2014	Genes Genet. Syst.	Identification by microarray technology of key genes involved in the progression of carotid atherosclerotic plaque.
24366584	2013	Oncol. Rep.	Screening for transcription factors and their regulatory small molecules involved in regulating the functions of CL1-5 cancer cells under the effects of macrophage-conditioned medium.
24363376	2013	Bioinformatics	JEPETTO: a Cytoscape plugin for gene set enrichment and topological analysis based on interaction networks.
24340000	2013	PLoS ONE	CyTargetLinker: a cytoscape app to integrate regulatory interactions in network analysis.
24338419	2013	Genet. Mol. Res.	Screening for feature genes associated with hereditary hemochromatosis and functional analysis with DNA microarrays.
24304957	2013	Zhonghua Yu Fang Yi Xue Za Zhi	[Expression and bioinformatic analysis of miR-29 family, target gene IFN-γ in CD4(+) T cells from subjects with latent tuberculosis infection].
24290289	2013	J. Allergy Clin. Immunol.	Nasal mucus proteomic changes reflect altered immune responses and epithelial permeability in patients with allergic rhinitis.
24280356	2013	Cancer Metab	Ets-1 global gene expression profile reveals associations with metabolism and oxidative stress in ovarian and breast cancers.
24265686	2013	PLoS ONE	PANADA: protein association network annotation, determination and analysis.
24254565	2013	Eur Rev Med Pharmacol Sci	Gene expression signature analysis and protein-protein interaction network construction of spinal cord injury.
24233784	2013	Methods Mol. Biol.	Integrating in silico resources to map a signaling network.
24225050	2013	BMC Bioinformatics	3DScapeCS: application of three dimensional, parallel, dynamic network visualization in Cytoscape.
24222250	2013	Genet. Mol. Res.	Protein-protein interaction network and significant gene analysis of osteoporosis.
24217020	2013	Mol. Cell Proteomics	Construction and application of a protein interaction map for white spot syndrome virus (WSSV).
24206562	2013	Cell Commun. Signal	CellFateScout - a bioinformatics tool for elucidating small molecule signaling pathways that drive cells in a specific direction.
24198161	2013	Mol. Cell. Biochem.	Study of differential effects of TGF-beta3/BMP2 on chondrogenesis in MSC cells by gene microarray data analysis.
24156242	2013	BMC Res Notes	VAN: an R package for identifying biologically perturbed networks via differential variability analysis.
24155070	2013	Chin J Integr Med	Effect of curcumin on aged Drosophila melanogaster: a pathway prediction analysis.
24148319	2013	BMC Genomics	Comparative analysis of resistant and susceptible macrophage gene expression response to Leishmania major parasite.
24146757	2013	PLoS ONE	SIDD: a semantically integrated database towards a global view of human disease.
24109950	2013	Conf Proc IEEE Eng Med Biol Soc	Comparison of functional network integrity in TBI and orthopedic controlpatientsusing graph-theoretical analysis.
24089221	2013	Eur Rev Med Pharmacol Sci	Bioinformatic analysis of microarray data reveals several key genes related to heart failure.
24083701	2013	Asian Pac. J. Cancer Prev.	Screening of differentially expressed genes related to bladder cancer and functional analysis with DNA microarray.
24051510	2013	Horm Res Paediatr	Molecular and gene network analysis of thyroid transcription factor 1 (TTF1) and enhanced at puberty (EAP1) genes in patients with GnRH-dependent pubertal disorders.
24009617	2013	Front Plant Sci	Navigating the transcriptional roadmap regulating plant secondary cell wall deposition.
23994140	2013	Biochim. Biophys. Acta	Immune signal transduction in leishmaniasis from natural to artificial systems: role of feedback loop insertion.
25509360	2013	Mol. Biol. (Mosk.)	[[Screening of differentially expressed miRNAs related to muscle strain and their target genes].
23967151	2013	PLoS ONE	Meta-analysis of genetic programs between idiopathic pulmonary fibrosis and sarcoidosis.
23964737	2013	J. Proteome Res.	Unraveling the phosphoproteome dynamics in mammal mitochondria from a network perspective.
23956138	2013	Proteomics	Characterization of the EGFR interactome reveals associated protein complex networks and intracellular receptor dynamics.
23948412	2013	Xi Bao Yu Fen Zi Mian Yi Xue Za Zhi	[Expression and function prediction of miR-618 in sputa and sera of patients with pulmonary tuberculosis].
23908262	2013	Bioinformatics	SPNConverter: a new link between static and dynamic complex network analysis.
23908249	2013	Brief. Bioinformatics	Facilitating the use of large-scale biological data and tools in the era of translational bioinformatics.
23894138	2013	Bioinformatics	GALANT: a Cytoscape plugin for visualizing data as functional landscapes projected onto biological networks.
23859268	2013	J Bioinform Comput Biol	Reconn: a cytoscape plug-in for exploring and visualizing reactome.
23856141	2013	Zhonghua Jie He He Hu Xi Za Zhi	[Expression of miR-29a in serum of patients with pulmonary tuberculosis and prediction of its function with bioinformatics analysis].
23855714	2013	BMC Bioinformatics	SLiMScape: a protein short linear motif analysis plugin for Cytoscape.
23847684	2013	Arch Med Sci	Pivotal regulatory network and genes in osteosarcoma.
23846596	2013	Database (Oxford)	T2D@ZJU: a knowledgebase integrating heterogeneous connections associated with type 2 diabetes mellitus.
23837656	2013	BMC Bioinformatics	RCytoscape: tools for exploratory network analysis.
23771539	2013	Eur Rev Med Pharmacol Sci	Bioinformatics analyses combined microarray identify the desregulated microRNAs in lung cancer.
23749961	2013	Bioinformatics	NOA: a cytoscape plugin for network ontology analysis.
23749465	2013	Database (Oxford)	Construction of protein phosphorylation networks by data mining, text mining and ontology integration: analysis of the spindle checkpoint.
23743336	2013	BioSystems	Clust&amp;See: a Cytoscape plugin for the identification, visualization and manipulation of network clusters.
23731710	2013	Eur. J. Med. Res.	Screening of osteoprotegerin-related feature genes in osteoporosis and functional analysis with DNA microarray.
23731466	2013	BMC Infect. Dis.	Microarray analysis of microRNA expression in peripheral blood mononuclear cells of critically ill patients with influenza A (H1N1).
23725466	2013	BMC Bioinformatics	PMTED: a plant microRNA target expression database.
23724694	2013	Zhongguo Zhong Yao Za Zhi	[Chemoinformatics study on antibacterial activity of traditional Chinese medicine compounds].
23715980	2013	Methods Mol. Biol.	Visualization and analysis of biological networks.
23715979	2013	Methods Mol. Biol.	Integration of genomic information with biological networks using Cytoscape.
23710289	2013	Oxid Med Cell Longev	NRF2-ome: an integrated web resource to discover protein interaction and regulatory networks of NRF2.
23627759	2013	BMC Genomics	ContigScape: a Cytoscape plugin facilitating microbial genome gap closing.
23626000	2013	Bioinformatics	OCSANA: optimal combinations of interventions from network analysis.
23625999	2013	Bioinformatics	NetworkTrail--a web service for identifying and visualizing deregulated subnetworks.
23620364	2013	Bioinformatics	HOMECAT: consensus homologs mapping for interspecific knowledge transfer and functional genomic data integration.
23616008	2013	Methods Mol. Biol.	A guide to CORNET for the construction of coexpression and protein-protein interaction networks.
23597302	2013	J Chem Inf Model	Reaction schemes visualized in network form: the syntheses of strychnine as an example.
23595664	2013	Bioinformatics	Cytoscape app store.
23595661	2013	Bioinformatics	NetworkPrioritizer: a versatile tool for network-based prioritization of candidate disease genes or other molecules.
23567935	2013	J. Med. Internet Res.	Health-related effects reported by electronic cigarette users in online forums.
23552858	2013	Kidney Int.	PodNet, a protein-protein interaction network of the podocyte.
23543444	2013	Eur Rev Med Pharmacol Sci	The PPI network and cluster ONE analysis to explain the mechanism of bladder cancer.
23515068	2013	Bioinform Biol Insights	Construction of a computable network model for DNA damage, autophagy, cell death, and senescence.
23508968	2013	Bioinformatics	CytoHiC: a cytoscape plugin for visual comparison of Hi-C networks.
23453054	2013	BMC Syst Biol	BiNoM 2.0, a Cytoscape plugin for accessing and analyzing pathways using standard systems biology formats.
23443765	2013	Nan Fang Yi Ke Da Xue Xue Bao	[Differences in peripheral blood gene expression profiles between liver and kidney transplantation recipients].
23427985	2013	J Bioinform Comput Biol	Computational construction of specialized biological networks.
23410028	2013	BMC Med Genomics	Pivotal role of the muscle-contraction pathway in cryptorchidism and evidence for genomic connections with cardiomyopathy pathways in RASopathies.
23398688	2013	BMC Bioinformatics	A survey of protein interaction data and multigenic inherited disorders.
23368786	2013	BMC Bioinformatics	Visualization of protein interaction networks: problems and solutions.
23368516	2013	BMC Genomics	Expanding the boundaries of local similarity analysis.
23390349	2013	Bioinformation	Identification of conserved drought stress responsive gene-network across tissues and developmental stages in rice.
23363777	2013	Genome Med	Visualizing multidimensional cancer genomics data.
23347958	2013	Arch. Oral Biol.	Bioinformatics and systems biology analysis of genes network involved in OLP (Oral Lichen Planus) pathogenesis.
23331499	2013	BMC Syst Biol	SignaLink 2 - a signaling pathway resource with multi-layered regulatory networks.
23325622	2013	Bioinformatics	CluePedia Cytoscape plugin: pathway insights using integrated experimental and in silico data.
23324051	2013	BMC Bioinformatics	CySBGN: a Cytoscape plug-in to integrate SBGN maps.
23281970	2013	BMC Genomics	Integration of interactive, multi-scale network navigation approach with Cytoscape for functional genomics in the big data era.
23297033	2013	Bioinformatics	RamiGO: an R/Bioconductor package providing an AmiGO visualize interface.
23292740	2013	Bioinformatics	GESTODIFFERENT: a Cytoscape plugin for the generation and the identification of gene regulatory networks describing a stochastic cell differentiation process.
23274719	2013	Appl. Biochem. Biotechnol.	Proteomic identification network analysis of haptoglobin as a key regulator associated with liver fibrosis.
24715956	2013	F1000Res	Cyrface: An interface from Cytoscape to R that provides a user interface to R packages.
23261424	2012	Neurotoxicology	Discovering gene-environment interactions in glioblastoma through a comprehensive data integration bioinformatics method.
23228038	2012	BMC Syst Biol	Clarifying off-target effects for torcetrapib using network pharmacology and reverse docking approach.
23228031	2012	Genome Biol.	A network module-based method for identifying cancer prognostic signatures.
23203989	2012	Nucleic Acids Res.	The BioGRID interaction database: 2013 update.
23203868	2012	Nucleic Acids Res.	COXPRESdb: a database of comparative gene coexpression networks of eleven species for mammals.
23180784	2012	Nucleic Acids Res.	RiceFREND: a platform for retrieving coexpressed gene networks in rice.
23152744	2012	PLoS ONE	NetView: a high-definition network-visualization approach to detect fine-scale population structures from genome-wide patterns of variation.
23143270	2012	Nucleic Acids Res.	The ConsensusPathDB interaction database: 2013 update.
23132118	2012	Nat. Methods	A travel guide to Cytoscape plugins.
23129297	2012	Bioinformatics	DvD: An R/Cytoscape pipeline for drug repurposing using public repositories of gene expression data.
23112803	2012	Front Plant Sci	Mining and visualization of microarray and metabolomic data reveal extensive cell wall remodeling during winter hardening in Sitka spruce (Picea sitchensis).
23093600	2012	Nucleic Acids Res.	The Comparative Toxicogenomics Database: update 2013.
23079107	2012	BMC Syst Biol	CellNOptR: a flexible toolkit to train protein signaling networks to data using multiple logic formalisms.
23071747	2012	PLoS ONE	TRIP database 2.0: a manually curated information hub for accessing TRP channel interaction network.
23055628	2012	Bioinformation	Network analysis of gene lists for finding reproducible prognostic breast cancer gene signatures.
23042589	2012	Mol Biosyst	A signal transduction score flow algorithm for cyclic cellular pathway analysis, which combines transcriptome and ChIP-seq data.
22954630	2012	Bioinformatics	SAPIN: a framework for the structural analysis of protein interaction networks.
22952659	2012	PLoS ONE	CytoKavosh: a cytoscape plug-in for finding network motifs in large biological networks.
22900683	2012	BMC Genomics	HTRIdb: an open-access database for experimentally verified human transcriptional regulation interactions.
22854123	2012	Int J Comput Biol Drug Des	Development of an integrated network visualisation and graph analysis tool for biological networks.
22782548	2012	Bioinformatics	Gemma: a resource for the reuse, sharing and meta-analysis of expression profiling data.
22772946	2012	Bioinformatics	CySBML: a Cytoscape plugin for SBML.
22724003	2012	PLoS ONE	Molecular effects of doxycycline treatment on pterygium as revealed by massive transcriptome sequencing.
22718784	2012	Bioinformatics	ModuLand plug-in for Cytoscape: determination of hierarchical layers of overlapping network modules and community centrality.
22704053	2012	BMC Med Genomics	MicroRNA expression signature in human abdominal aortic aneurysms.
22689386	2012	Bioinformatics	ETAscape: analyzing protein networks to predict enzymatic function and substrates in Cytoscape.
22651224	2012	New Phytol.	CORNET 2.0: integrating plant coexpression, protein-protein interactions, regulatory interactions, gene associations and functional annotations.
22591066	2012	BMC Bioinformatics	MetaMapp: mapping and visualizing metabolomic data by integrating information from biochemical pathways and chemical and mass spectral similarity.
22587372	2012	BMC Res Notes	CytoITMprobe: a network information flow plugin for Cytoscape.
22576176	2012	Bioinformatics	Mosaic: making biological sense of complex networks.
22570439	2012	Physiol. Genomics	Genomics of estradiol-3-sulfate action in the ovine fetal hypothalamus.
22517619	2012	Biol. Reprod.	Conceptus-endometrium crosstalk during maternal recognition of pregnancy in cattle.
22458412	2012	Virol. J.	Screening and functional analysis of differentially expressed genes in EBV-transformed lymphoblasts.
22448851	2012	BioData Min	A multilevel layout algorithm for visualizing physical and genetic interaction networks, with emphasis on their modular organization.
22442671	2012	PLoS ONE	miR-181a post-transcriptionally downregulates oncogenic RalA and contributes to growth inhibition and apoptosis in chronic myelogenous leukemia (CML).
22433437	2012	BMC Syst Biol	Predicting new molecular targets for rhein using network pharmacology.
22430954	2012	Comput Biol Chem	GPEC: a Cytoscape plug-in for random walk-based gene prioritization and biomedical evidence collection.
22422314	2012	Nat Protoc	Topological analysis and interactive visualization of biological networks and protein structures.
22411911	2012	Nucleic Acids Res.	How much can we learn about the function of bacterial rRNA modification by mining large-scale experimental datasets?
22390940	2012	Bioinformatics	CentiLib: comprehensive analysis and exploration of network centralities.
22385417	2012	J. Proteome Res.	Analyzing protein-protein interaction networks.
22356618	2012	BMC Bioinformatics	miRTrail--a comprehensive webserver for analyzing gene and miRNA patterns to enhance the understanding of regulatory mechanisms in diseases.
22353882	2012	Integr Biol (Camb)	Efficient key pathway mining: combining networks and OMICS data.
22345616	2012	Bioinformatics	CytoSaddleSum: a functional enrichment analysis plugin for Cytoscape based on sum-of-weights scores.
22342379	2012	J. Surg. Res.	Systems biology approach to transplant tolerance: proof of concept experiments using RNA interference (RNAi) to knock down hub genes in Jurkat and HeLa cells in vitro.
22340758	2012	Cardiovasc Diabetol	Global gene expression profiling displays a network of dysregulated genes in non-atherosclerotic arterial tissue from patients with type 2 diabetes.
22308675	2012	Zhongguo Zhong Yao Za Zhi	[Tools for network pharmacology study: network visualization and network analysis].
22308672	2012	Zhongguo Zhong Yao Za Zhi	[Network pharmacology study on major active compounds of Fufang Danshen formula].
22307715	2012	Methods Mol. Biol.	Identifying gene interaction networks.
22305245	2012	Complement Ther Med	A network-based analysis of traditional Chinese medicine cold and hot patterns in rheumatoid arthritis.
22292669	2012	BMC Bioinformatics	TranscriptomeBrowser 3.0: introducing a new compendium of molecular interactions and a new visualization tool for the study of gene regulatory networks.
22287994	2012	Mol Inform	Associating Drugs, Targets and Clinical Outcomes into an Integrated Network Affords a New Platform for Computer-Aided Drug Repurposing.
22210867	2012	Bioinformatics	CytoSEED: a Cytoscape plugin for viewing, manipulating and analyzing metabolic models created by the Model SEED.
22155862	2011	Bioinformatics	Computing graphlet signatures of network nodes and motifs in Cytoscape with GraphletCounter.
22139938	2011	Nucleic Acids Res.	Gene3D: a domain-based resource for comparative genomics, functional annotation and protein network analysis.
22135418	2011	Bioinformatics	Metscape 2 bioinformatics tool for the analysis and visualization of metabolomics and gene expression data.
22135298	2011	Nucleic Acids Res.	PhosphoSitePlus: a comprehensive resource for investigating the structure and function of experimentally determined post-translational modifications in man and mouse.
22070249	2011	BMC Bioinformatics	clusterMaker: a multi-algorithm clustering plugin for Cytoscape.
22032859	2011	BMC Res Notes	gViz, a novel tool for the visualization of co-expression networks.
22028466	2011	Sci Signal	ANAT: a tool for constructing and analyzing functional protein networks.
22027258	2011	BMC Syst Biol	An in silico approach combined with in vivo experiments enables the identification of a new protein whose overexpression can compensate for specific respiratory defects in Saccharomyces cerevisiae.
22016407	2011	Bioinformatics	PRINCIPLE: a tool for associating genes with diseases via network propagation.
21994228	2011	Bioinformatics	Visualization and quality assessment of de novo genome assemblies.
21975162	2011	BMC Bioinformatics	iRefScape. A Cytoscape plug-in for visualization and data mining of protein interaction data from iRefIndex.
21943367	2011	BMC Bioinformatics	iCTNet: a Cytoscape plugin to produce and analyze integrative complex traits networks.
21886098	2011	Nat Protoc	Assembling global maps of cellular function through integrative analysis of physical and genetic networks.
21877291	2011	Methods Mol. Biol.	Displaying chemical information on a biological network using Cytoscape.
21877289	2011	Methods Mol. Biol.	Statistical analysis of dynamic transcriptional regulatory network structure.
21877285	2011	Methods Mol. Biol.	Visualizing gene-set enrichment results using the Cytoscape plug-in enrichment map.
21828085	2011	Bioinformatics	NetDS: a Cytoscape plugin to analyze the robustness of dynamics and feedforward/feedback loop structures of biological networks.
21756334	2011	BMC Bioinformatics	Construct and Compare Gene Coexpression Networks with DAPfinder and DAPview.
21731702	2011	PLoS ONE	Intuitive visualization and analysis of multi-omics data and application to Escherichia coli carbon metabolism.
21712249	2011	Bioinformatics	CytoscapeRPC: a plugin to create, modify and query Cytoscape networks from scripting languages.
21622961	2011	Nucleic Acids Res.	CoPub update: CoPub 5.0 a text mining system to answer biological questions.
21622212	2011	Front Biosci (Landmark Ed)	Crosstalk between viruses and PML nuclear bodies: a network-based approach.
21595958	2011	BMC Med Genomics	Modeling microRNA-mRNA interactions using PLS regression in human colon cancer.
21511714	2011	Bioinformatics	CytoModeler: a tool for bridging large-scale network analysis and dynamic quantitative modeling.
21509594	2011	Endocr. Pathol.	Differential expression of a set of genes in follicular and classic variants of papillary thyroid carcinoma.
21505034	2011	Bioinformatics	Systems biology model repository for macrophage pathway simulation.
21493660	2011	Bioinformatics	RING: networking interacting residues, evolutionary information and energetics in protein structures.
21478195	2011	Bioinformatics	CyClus3D: a Cytoscape plugin for clustering network motifs in integrated networks.
21473782	2011	Source Code Biol Med	WordCloud: a Cytoscape plugin to create a visual semantic summary of networks.
21414991	2011	Bioinformatics	Customizable views on semantically integrated networks for systems biology.
21383412	2011	IEEE Trans Vis Comput Graph	Exact and approximate area-proportional circular Venn and Euler diagrams.
21372810	2011	Nat Protoc	Comprehensive cluster analysis with Transitivity Clustering.
21334471	2011	J Proteomics	A workflow for peptide-based proteomics in a poorly sequenced plant: a case study on the plasma membrane proteome of banana.
21300700	2011	Bioinformatics	BioGRID REST Service, BiogridPlugin2 and BioGRID WebGraph: new tools for access to interaction data at BioGRID.
21296752	2011	Bioinformatics	DDN: a caBIG® analytical tool for differential network analysis.
21278188	2011	Bioinformatics	PiNGO: a Cytoscape plugin to find candidate genes in biological networks.
21257609	2011	Bioinformatics	OrthoNets: simultaneous visual analysis of orthologs and their interaction neighborhoods across different organisms.
21217125	2011	Plant Cell Physiol.	ATTED-II updates: condition-specific gene coexpression to extend coexpression analyses and applications to a broad range of flowering plants.
21179244	2010	PLoS ONE	The PluriNetWork: an electronic representation of the network underlying pluripotency in mouse, and its applications.
21156070	2010	AIDS Res Ther	HIVBrainSeqDB: a database of annotated HIV envelope sequences from brain and other anatomical sites.
21149340	2010	Bioinformatics	Cytoscape 2.8: new features for data integration and network visualization.
21123224	2010	Bioinformatics	GLay: community structure analysis of biological networks.
21121031	2010	Pac Symp Biocomput	Dynamic, multi-level network models of clinical trials.
21118823	2010	Bioinformatics	Improving the quality of protein similarity network clustering algorithms using the network edge weight distribution.
21118483	2010	BMC Syst Biol	ExprEssence--revealing the essence of differential experimental data in the context of an interaction/regulation net-work.
21097782	2010	Nucleic Acids Res.	DIMA 3.0: Domain Interaction Map.
21085593	2010	PLoS ONE	Enrichment map: a network-based method for gene-set enrichment visualization and interpretation.
21063955	2010	Methods Mol. Biol.	Cytoscape: software for visualization and analysis of biological networks.
20946599	2010	BMC Bioinformatics	HPIDB--a unified resource for host-pathogen interactions.
20947524	2010	Bioinformatics	OmicsAnalyzer: a Cytoscape plug-in suite for modeling omics data.
20926419	2010	Bioinformatics	GeneMANIA Cytoscape plugin: fast gene function predictions on the desktop.
20861033	2010	Bioinformatics	SpotXplore: a Cytoscape plugin for visual exploration of hotspot expression in gene regulatory networks.
20861032	2010	Bioinformatics	DisGeNET: a Cytoscape plugin to visualize, integrate, search and analyze gene-disease networks.
20852260	2010	Nucleic Acids Res.	MatrixDB, the extracellular matrix interaction database.
20851835	2010	Brief. Bioinformatics	Protein-protein interaction and pathway databases, a graphical review.
20847220	2010	Bioinformatics	Evidence mining and novelty assessment of protein-protein interactions with the ConsensusPathDB plugin for Cytoscape.
20813661	2010	Nan Fang Yi Ke Da Xue Xue Bao	[Analysis and verification of the interaction network of differentially expressed genes in invasive bladder cancer].
20810536	2010	Acta Biochim. Biophys. Sin. (Shanghai)	Large-scale proteome investigation in wild relatives (A, B, and D genomes) of wheat.
20801912	2010	Bioinformatics	Ontology- and graph-based similarity assessment in biological networks.
20719001	2010	Malar. J.	Chaperone expression profiles correlate with distinct physiological states of Plasmodium falciparum in malaria patients.
20684769	2010	Source Code Biol Med	Open source tool for prediction of genome wide protein-protein interaction network based on ortholog information.
20664907	2010	Thromb. Haemost.	Factor XIII-A is involved in the regulation of gene expression in alternatively activated human macrophages.
20656902	2010	Bioinformatics	Cytoscape Web: an interactive web-based network browser.
20650822	2010	Hum. Genomics	A survey of current software for network analysis in molecular biology.
20644733	2010	PLoS ONE	Jerarca: efficient analysis of complex networks using hierarchical clustering.
20594316	2010	BMC Bioinformatics	Flexible network reconstruction from relational databases with Cytoscape and CytoSQL.
22081592	2010	Genome Inform	Fluxviz - Cytoscape plug-in for visualization of flux distributions in networks.
20513647	2010	Nucleic Acids Res.	AltAnalyze and DomainGraph: analyzing and visualizing exon expression data.
20507894	2010	Bioinformatics	Integrative platform to translate gene sets to networks.
20507893	2010	Bioinformatics	MODEVO: exploring modularity and evolution of protein interaction networks.
20500839	2010	BMC Syst Biol	Reconstruction of the yeast protein-protein interaction network involved in nutrient sensing and global metabolic regulation.
20495000	2010	Bioinformatics	FuncBase: a resource for quantitative gene function annotation.
20484371	2010	Nucleic Acids Res.	ToppCluster: a multiple gene list feature analyzer for comparative enrichment clustering and network-based dissection of biological systems.
20308225	2010	Toxicol. Sci.	Arsenic exposure perturbs epithelial-mesenchymal cell transition and gene expression in a collagen gel assay.
20230615	2010	Genome Biol.	Characterizing regulatory path motifs in integrated networks using perturbational data.
20222723	2010	J. Proteome Res.	Quantitative analysis of HGF and EGF-dependent phosphotyrosine signaling networks.
20214776	2010	BMC Bioinformatics	SCPS: a fast implementation of a spectral method for detecting protein families on a genome-wide scale.
20122237	2010	BMC Bioinformatics	NeMo: Network Module identification in Cytoscape.
20172945	2010	Bioinformatics	DASS-GUI: a user interface for identification and analysis of significant patterns in non-sequential data.
20163717	2010	BMC Bioinformatics	BisoGenet: a new tool for gene network building, visualization and analysis.
20139469	2010	Bioinformatics	Metscape: a Cytoscape plug-in for visualizing and interpreting metabolomic data in the context of human metabolic networks.
20117829	2010	Gynecol. Oncol.	Low malignant potential tumors with micropapillary features are molecularly similar to low-grade serous carcinoma of the ovary.
20109149	2010	In Silico Biol. (Gedrukt)	PlasmoID: A P. falciparum protein information discovery tool.
20105306	2010	BMC Bioinformatics	Biana: a software framework for compiling biological interactions and analyzing networks.
20094647	2010	Mol Biosyst	The use of network analyses for elucidating mechanisms in cardiovascular disease.
20087442	2010	Int. J. Biol. Sci.	A manually curated network of the PML nuclear body interactome reveals an important role for PML-NBs in SUMOylation dynamics.
20053712	2010	Plant Physiol.	CORNET: a user-friendly tool for data mining and integration.
19914922	2009	Bioinformatics	PerturbationAnalyzer: a tool for investigating the effects of concentration perturbation on protein interaction networks.
19887508	2009	Bioinformatics	SimBoolNet--a Cytoscape plugin for dynamic simulation of signaling networks.
19877594	2009	J Chem Inf Model	Finding key members in compound libraries by analyzing networks of molecules assembled by structural similarity.
19758470	2009	BMC Bioinformatics	From SNPs to pathways: integration of functional effect of sequence variations on models of cell signalling pathways.
19729372	2009	Bioinformatics	Analyzing biological network parameters with CentiScaPe.
19723303	2009	Theor Biol Med Model	Construction of a polycystic ovarian syndrome (PCOS) pathway based on the interactions of PCOS-related proteins retrieved from bibliomic data.
19654116	2009	Bioinformatics	Genoscape: a Cytoscape plug-in to automate the retrieval and integration of gene expression data and molecular networks.
19629191	2009	PLoS ONE	Layered functional network analysis of gene expression in human heart failure.
19607657	2009	BMC Genomics	BioNetBuilder2.0: bringing systems biology to chicken and other model organisms.
19597788	2009	Methods Mol. Biol.	Cytoscape: a community-based framework for network modeling.
19470162	2009	BMC Genomics	BioQuali Cytoscape plugin: analysing the global consistency of regulatory networks.
19381531	2009	Methods Mol. Biol.	Biological Network Inference and analysis using SEBINI and CABIN.
19348639	2009	Ann. N. Y. Acad. Sci.	A network inference workflow applied to virulence-related processes in Salmonella typhimurium.
19273534	2009	Nucleic Acids Res.	Construction and application of a protein and genetic interaction network (yeast interactome).
19237447	2009	Bioinformatics	ClueGO: a Cytoscape plug-in to decipher functionally grouped gene ontology and pathway annotation networks.
19193966	2009	Curr Issues Mol Biol	The interactions of the largest subunit of RNA polymerase II with other cellular proteins: a bioinformatic approach.
19144180	2009	BMC Genomics	BioMart--biological queries made easy.
19102773	2008	BMC Bioinformatics	RPPAML/RIMS: a metadata format and an information management system for reverse phase protein arrays.
18978014	2008	Nucleic Acids Res.	Michigan molecular interactions r2: from interacting proteins to pathways.
18840285	2008	BMC Genomics	DroID: the Drosophila Interactions Database, a comprehensive resource for annotated gene and protein interactions.
18819078	2008	Curr Protoc Bioinformatics	Exploring biological networks with Cytoscape software.
18812364	2008	Bioinformatics	Integrating and annotating the interactome using the MiMI plugin for cytoscape.
18779234	2008	Bioinformatics	OmicsViz: Cytoscape plug-in for visualizing omics data across species.
18769717	2008	PLoS Comput. Biol.	Network inference algorithms elucidate Nrf2 regulation of mouse lung oxidative stress.
18755046	2008	BMC Bioinformatics	FERN - a Java framework for stochastic simulation and evaluation of reaction networks.
18710874	2008	Bioinformatics	Integrating expression data with domain interaction networks.
18678589	2008	Bioinformatics	VistaClara: an expression browser plug-in for Cytoscape.
18658180	2008	Bioinformatics	DrugViz: a Cytoscape plugin for visualizing and analyzing small molecule drugs in biological networks.
18653520	2008	Bioinformatics	Cytoprophet: a Cytoscape plug-in for protein and domain interaction networks inference.
18445605	2008	Bioinformatics	Cytoscape ESP: simple search of complex biological networks.
18430989	2008	In Silico Biol. (Gedrukt)	NetAtlas: a Cytoscape plugin to examine signaling networks based on tissue gene expression.
18428770	2008	Curr Protoc Bioinformatics	Searching, viewing, and visualizing data in the Biomolecular Interaction Network Database (BIND).
18426593	2008	BMC Genomics	Linking Cytoscape and the corynebacterial reference database CoryneRegNet.
20559448	2008	Proteomics Clin Appl	Proteomics cataloging analysis of human expressed prostatic secretions reveals rich source of biomarker candidates.
20134061	2008	J Integr Bioinform	Integrative visual analysis of the effects of alternative splicing on protein domain interaction networks.
18024474	2007	Bioinformatics	BiNoM: a Cytoscape plugin for manipulating and analyzing biological networks.
18021453	2007	BMC Bioinformatics	The Firegoose: two-way integration of diverse data from different bioinformatics web resources with desktop applications.
18006545	2007	Bioinformatics	Computing topological parameters of biological networks.
18003642	2007	Bioinformatics	MetaNetter: inference and visualization of high-resolution metabolomic networks.
17953753	2007	BMC Genomics	Genes involved in TGF beta1-driven epithelial-mesenchymal transition of renal epithelial cells are topologically related in the human interactome map.
17947979	2007	Nat Protoc	Integration of biological networks and gene expression data using Cytoscape.
17720984	2007	Bioinformatics	Tools for visually exploring biological networks.
17644818	2007	Bioinformatics	APID2NET: unified interactome graphic analyzer.
17623706	2007	Bioinformatics	structureViz: linking Cytoscape and UCSF Chimera.
17553858	2007	Bioinformatics	The MiSink Plugin: Cytoscape as a graphical interface to the Database of Interacting Proteins.
17500038	2007	Comput Biol Chem	CABIN: collective analysis of biological interaction networks.
17392333	2007	Bioinformatics	Cyclone: java-based querying and computing with Pathway/Genome databases.
17309895	2007	Bioinformatics	Cerebral: a Cytoscape plugin for layout of and interaction with biological networks using subcellular localization annotation.
17277332	2007	Bioinformatics	NetMatch: a Cytoscape plugin for searching biological networks.
17172291	2006	Plant Physiol.	The rice kinase database. A phylogenomic database for the rice kinome.
17169983	2006	Nucleic Acids Res.	T1DBase: integration and presentation of complex data for type 1 diabetes research.
17138585	2006	Bioinformatics	BioNetBuilder: automatic integration of biological networks.
17127678	2006	Bioinformatics	GOlorize: a Cytoscape plug-in for network visualization with Gene Ontology-based layout and coloring.
17101041	2006	BMC Bioinformatics	cPath: open source software for collecting, storing, and querying biological pathways.
17021160	2006	Bioinformatics	The tYNA platform for comparative interactomics: a web tool for managing, comparing and mining multiple networks.
16939803	2006	Meth. Enzymol.	Visualizing networks.
16921162	2006	Bioinformatics	GenePro: a Cytoscape plug-in for advanced visualization and analysis of interaction networks.
16756676	2006	BMC Bioinformatics	SBEAMS-Microarray: database software supporting genomic expression analyses for systems biology.
16569235	2006	BMC Bioinformatics	The Gaggle: an open-source software system for integrating bioinformatics software and data sources.
16204107	2005	Bioinformatics	Decomposing protein networks into domain-domain interactions.
15972284	2005	Bioinformatics	BiNGO: a Cytoscape plugin to assess overrepresentation of gene ontology categories in biological networks.
15608258	2004	Nucleic Acids Res.	T1DBase, a community web-based resource for type 1 diabetes research.
15287976	2004	Genome Biol.	System-based proteomic analysis of the interferon response in human liver cells.
14597658	2003	Genome Res.	Cytoscape: a software environment for integrated models of biomolecular interaction networks.
